Workbook

Sheet Mizan
A1: ÖRNEK ELEKTRİK DAĞITIM A.Ş. — DUMMY VERİ (Gerçek Değildir)
A2: Genel Geçici Mizan — Dönem: 01.01.2024 - 31.12.2024 (TRY)
A3: Not: Bu veriler staj/eğitim ve RAG uygulaması test amacıyla üretilmiş kurgusal (dummy) verilerdir, gerçek şirket verisi değildir.
A5: Hesap Kodu | B5: Hesap Adı | C5: Hesap Grubu | D5: Borç | E5: Alacak | F5: Borç Bakiye | G5: Alacak Bakiye
A6: 100 | B6: Kasa | C6: Dönen Varlık | D6: 1250000 | E6: 980000 | F6: =IF(D6>=E6,D6-E6,0) -> 270000 | G6: =IF(E6>D6,E6-D6,0) -> 0
A7: 102 | B7: Bankalar | C7: Dönen Varlık | D7: 55630000 | E7: 31200000 | F7: =IF(D7>=E7,D7-E7,0) -> 24430000 | G7: =IF(E7>D7,E7-D7,0) -> 0
A8: 120 | B8: Alıcılar (Ticari Alacaklar) | C8: Dönen Varlık | D8: 62300000 | E8: 39800000 | F8: =IF(D8>=E8,D8-E8,0) -> 22500000 | G8: =IF(E8>D8,E8-D8,0) -> 0
A9: 128 | B9: Şüpheli Ticari Alacaklar Karşılığı (-) | C9: Dönen Varlık | D9: 0 | E9: 2100000 | F9: =IF(D9>=E9,D9-E9,0) -> 0 | G9: =IF(E9>D9,E9-D9,0) -> 2100000
A10: 150 | B10: İlk Madde ve Malzeme (Şebeke Malzemesi) | C10: Dönen Varlık | D10: 15400000 | E10: 6200000 | F10: =IF(D10>=E10,D10-E10,0) -> 9200000 | G10: =IF(E10>D10,E10-D10,0) -> 0
A11: 180 | B11: Gelecek Aylara Ait Giderler | C11: Dönen Varlık | D11: 2300000 | E11: 900000 | F11: =IF(D11>=E11,D11-E11,0) -> 1400000 | G11: =IF(E11>D11,E11-D11,0) -> 0
A12: 191 | B12: İndirilecek KDV | C12: Dönen Varlık | D12: 9800000 | E12: 8700000 | F12: =IF(D12>=E12,D12-E12,0) -> 1100000 | G12: =IF(E12>D12,E12-D12,0) -> 0
A13: 253 | B13: Tesis, Makine ve Cihazlar (Şebeke Yatırımları) | C13: Duran Varlık | D13: 210000000 | E13: 4500000 | F13: =IF(D13>=E13,D13-E13,0) -> 205500000 | G13: =IF(E13>D13,E13-D13,0) -> 0
A14: 255 | B14: Demirbaşlar | C14: Duran Varlık | D14: 8600000 | E14: 300000 | F14: =IF(D14>=E14,D14-E14,0) -> 8300000 | G14: =IF(E14>D14,E14-D14,0) -> 0
A15: 257 | B15: Birikmiş Amortismanlar (-) | C15: Duran Varlık | D15: 0 | E15: 62400000 | F15: =IF(D15>=E15,D15-E15,0) -> 0 | G15: =IF(E15>D15,E15-D15,0) -> 62400000
A16: 260 | B16: Haklar (Lisans) | C16: Duran Varlık | D16: 3200000 | E16: 0 | F16: =IF(D16>=E16,D16-E16,0) -> 3200000 | G16: =IF(E16>D16,E16-D16,0) -> 0
A17: 300 | B17: Banka Kredileri (Kısa Vadeli) | C17: KV Yükümlülük | D17: 12000000 | E17: 28500000 | F17: =IF(D17>=E17,D17-E17,0) -> 0 | G17: =IF(E17>D17,E17-D17,0) -> 16500000
... A36: 691 | B36: Dönem Karı Vergi ve Diğer Yasal Yük. Karşılığı | C36: Gider | D36: 2450000 | E36: 0 | F36: =IF(D36>=E36,D36-E36,0) -> 2450000 | G36: =IF(E36>D36,E36-D36,0) -> 0
B37: TOPLAM | D37: =SUM(D6:D36) -> 587180000 | E37: =SUM(E6:E36) -> 587180000 | F37: =SUM(F6:F36) -> 451200000 | G37: =SUM(G6:G36) -> 451200000

Sheet Bilanço
A1: ÖRNEK ELEKTRİK DAĞITIM A.Ş. — DUMMY VERİ (Gerçek Değildir)
A2: Bilanço — 31.12.2024 (TRY) — Değerler 'Mizan' sayfasından SUMIFS ile hesaplanmıştır
A4: AKTİF (VARLIKLAR) | B4: Tutar | C4: PASİF (KAYNAKLAR) | D4: Tutar
A5: Dönen Varlıklar (Kasa+Banka+Alıcılar+Stok, net) | C5: Kısa Vadeli Yükümlülükler
A6: Kasa | B6: =(SUMIFS(Mizan!$F$6:$F$36,Mizan!$A$6:$A$36,"100*")-SUMIFS(Mizan!$G$6:$G$36,Mizan!$A$6:$A$36,"100*")) -> 270000 | C6: Banka Kredileri (KV) | D6: =(SUMIFS(Mizan!$G$6:$G$36,Mizan!$A$6:$A$36,"300*")-SUMIFS(Mizan!$F$6:$F$36,Mizan!$A$6:$A$36,"300*")) -> 16500000
A7: Bankalar | B7: =(SUMIFS(Mizan!$F$6:$F$36,Mizan!$A$6:$A$36,"102*")-SUMIFS(Mizan!$G$6:$G$36,Mizan!$A$6:$A$36,"102*")) -> 24430000 | C7: Ticari Borçlar | D7: =(SUMIFS(Mizan!$G$6:$G$36,Mizan!$A$6:$A$36,"320*")-SUMIFS(Mizan!$F$6:$F$36,Mizan!$A$6:$A$36,"320*")) -> 13200000
A8: Ticari Alacaklar (net) | B8: =(SUMIFS(Mizan!$F$6:$F$36,Mizan!$A$6:$A$36,"12*")-SUMIFS(Mizan!$G$6:$G$36,Mizan!$A$6:$A$36,"12*")) -> 20400000 | C8: Diğer KV Yükümlülükler | D8: =(SUMIFS(Mizan!$G$6:$G$36,Mizan!$A$6:$A$36,"36*")-SUMIFS(Mizan!$F$6:$F$36,Mizan!$A$6:$A$36,"36*")) -> 3300000
A9: Stoklar | B9: =(SUMIFS(Mizan!$F$6:$F$36,Mizan!$A$6:$A$36,"150*")-SUMIFS(Mizan!$G$6:$G$36,Mizan!$A$6:$A$36,"150*")) -> 9200000 | C9: Uzun Vadeli Yükümlülükler
A10: Diğer Dönen Varlıklar | B10: =(SUMIFS(Mizan!$F$6:$F$36,Mizan!$A$6:$A$36,"18*")-SUMIFS(Mizan!$G$6:$G$36,Mizan!$A$6:$A$36,"18*"))+(SUMIFS(Mizan!$F$6:$F$36,Mizan!$A$6:$A$36,"19*")-SUMIFS(Mizan!$G$6:$G$36,Mizan!$A$6:$A$36,"19*")) -> 2500000 | C10: Banka Kredileri (UV) | D10: =(SUMIFS(Mizan!$G$6:$G$36,Mizan!$A$6:$A$36,"400*")-SUMIFS(Mizan!$F$6:$F$36,Mizan!$A$6:$A$36,"400*")) -> 65000000
A11: Duran Varlıklar (net) | C11: Kıdem Tazminatı Karşılığı | D11: =(SUMIFS(Mizan!$G$6:$G$36,Mizan!$A$6:$A$36,"472*")-SUMIFS(Mizan!$F$6:$F$36,Mizan!$A$6:$A$36,"472*")) -> 9800000
A12: Maddi Duran Varlıklar (net) | B12: =(SUMIFS(Mizan!$F$6:$F$36,Mizan!$A$6:$A$36,"25*")-SUMIFS(Mizan!$G$6:$G$36,Mizan!$A$6:$A$36,"25*")) -> 151400000 | C12: Özkaynaklar
A13: Maddi Olmayan Duran Varlıklar | B13: =(SUMIFS(Mizan!$F$6:$F$36,Mizan!$A$6:$A$36,"26*")-SUMIFS(Mizan!$G$6:$G$36,Mizan!$A$6:$A$36,"26*")) -> 3200000 | C13: Sermaye | D13: =(SUMIFS(Mizan!$G$6:$G$36,Mizan!$A$6:$A$36,"500*")-SUMIFS(Mizan!$F$6:$F$36,Mizan!$A$6:$A$36,"500*")) -> 50000000
C14: Geçmiş Yıllar Karları | D14: =(SUMIFS(Mizan!$G$6:$G$36,Mizan!$A$6:$A$36,"570*")-SUMIFS(Mizan!$F$6:$F$36,Mizan!$A$6:$A$36,"570*")) -> 18200000
C15: Dönem Net Karı (Gelir Tablosu'ndan) | D15: ='Gelir Tablosu'!B14 -> 35400000
A17: TOPLAM AKTİF | B17: =B6+B7+B8+B9+B10+B12+B13 -> 211400000 | C17: TOPLAM PASİF | D17: =D6+D7+D8+D10+D11+D13+D14+D15 -> 211400000

Sheet Gelir Tablosu
A1: ÖRNEK ELEKTRİK DAĞITIM A.Ş. — DUMMY VERİ (Gerçek Değildir)
A2: Gelir Tablosu — 01.01.2024-31.12.2024 (TRY)
A4: Net Dağıtım Geliri (Satışlar) | B4: =SUMIFS(Mizan!$G$6:$G$36,Mizan!$A$6:$A$36,"60*")-SUMIFS(Mizan!$F$6:$F$36,Mizan!$A$6:$A$36,"60*") -> 209500000
A5: Satılan Hizmet Maliyeti (-) | B5: =SUMIFS(Mizan!$G$6:$G$36,Mizan!$A$6:$A$36,"620*")-SUMIFS(Mizan!$F$6:$F$36,Mizan!$A$6:$A$36,"620*") -> -131900000
A6: BRÜT KAR | B6: =B4+B5 -> 77600000
A7: Genel Yönetim Giderleri (-) | B7: =SUMIFS(Mizan!$G$6:$G$36,Mizan!$A$6:$A$36,"630*")-SUMIFS(Mizan!$F$6:$F$36,Mizan!$A$6:$A$36,"630*") -> -21200000
A8: Pazarlama, Satış ve Dağıtım Giderleri (-) | B8: =SUMIFS(Mizan!$G$6:$G$36,Mizan!$A$6:$A$36,"631*")-SUMIFS(Mizan!$F$6:$F$36,Mizan!$A$6:$A$36,"631*") -> -8500000
A9: FAALİYET KARI | B9: =B6+B7+B8 -> 47900000
A10: Diğer Olağandışı Gelir/Gider (net) | B10: =SUMIFS(Mizan!$G$6:$G$36,Mizan!$A$6:$A$36,"679*")-SUMIFS(Mizan!$F$6:$F$36,Mizan!$A$6:$A$36,"679*")+SUMIFS(Mizan!$G$6:$G$36,Mizan!$A$6:$A$36,"689*")-SUMIFS(Mizan!$F$6:$F$36,Mizan!$A$6:$A$36,"689*") -> 250000
A11: Finansman Giderleri (-) | B11: =SUMIFS(Mizan!$G$6:$G$36,Mizan!$A$6:$A$36,"660*")-SUMIFS(Mizan!$F$6:$F$36,Mizan!$A$6:$A$36,"660*")+SUMIFS(Mizan!$G$6:$G$36,Mizan!$A$6:$A$36,"661*")-SUMIFS(Mizan!$F$6:$F$36,Mizan!$A$6:$A$36,"661*") -> -10300000
A12: VERGİ ÖNCESİ KAR | B12: =B9+B10+B11 -> 37850000
A13: Vergi Karşılığı (-) | B13: =SUMIFS(Mizan!$G$6:$G$36,Mizan!$A$6:$A$36,"691*")-SUMIFS(Mizan!$F$6:$F$36,Mizan!$A$6:$A$36,"691*") -> -2450000
A14: DÖNEM NET KARI | B14: =B12+B13 -> 35400000
